"Platform","Coefficient","OR","Survival_A0","Survival_A1"
"Stata_tte",-0.17938255,0.8357861,0.80465174,0.80666685
"R_emulate",-0.179384005298784,0.835784891939549,0.804651646025587,0.806667250392963
"R_TrialEmulation",-0.179384005298784,0.835784891939549,0.804651646025587,0.806667250392963
